-- phpMyAdmin SQL Dump
-- version 5.1.1
-- https://www.phpmyadmin.net/
--
-- Host: 127.0.0.1
-- Generation Time: Jun 23, 2024 at 11:47 AM
-- Server version: 10.4.21-MariaDB
-- PHP Version: 8.0.11

SET SQL_MODE = "NO_AUTO_VALUE_ON_ZERO";
START TRANSACTION;
SET time_zone = "+00:00";


/*!40101 SET @OLD_CHARACTER_SET_CLIENT=@@CHARACTER_SET_CLIENT */;
/*!40101 SET @OLD_CHARACTER_SET_RESULTS=@@CHARACTER_SET_RESULTS */;
/*!40101 SET @OLD_COLLATION_CONNECTION=@@COLLATION_CONNECTION */;
/*!40101 SET NAMES utf8mb4 */;

--
-- Database: `database_kyi`
--

-- --------------------------------------------------------

--
-- Table structure for table `passenger`
--

CREATE TABLE `passenger` (
  `passenger_id` int(11) NOT NULL,
  `name` varchar(255) NOT NULL,
  `id_type` enum('NPM','KTP') DEFAULT NULL,
  `id_number` int(11) DEFAULT NULL,
  `age_type` varchar(255) DEFAULT '',
  `seatNumber` varchar(2) NOT NULL
) ENGINE=InnoDB DEFAULT CHARSET=utf8mb4;

--
-- Dumping data for table `passenger`
--

INSERT INTO `passenger` (`passenger_id`, `name`, `id_type`, `id_number`, `age_type`, `seatNumber`) VALUES
(30, '1402023044', 'NPM', 1402023044, 'Dewasa', 'C6'),
(31, '1402023044', NULL, NULL, 'Anak-anak', 'C7'),
(32, 'Muhammad Rizal Anditama Nugraha', 'NPM', 1402023044, 'Dewasa', 'C4'),
(33, 'Jane Doe', NULL, NULL, 'Anak-anak', 'D7'),
(34, 'Muhammad Rizal Anditama Nugraha', 'NPM', 1402023044, 'Dewasa', 'D5'),
(35, 'Jane Doe', NULL, NULL, 'Anak-anak', 'C5'),
(36, '31231', 'NPM', 1402023044, 'Dewasa', 'C7'),
(37, '31231', 'NPM', 1402023044, 'Dewasa', 'C7'),
(38, '213231', 'KTP', 1402023044, 'Dewasa', 'B7');

-- --------------------------------------------------------

--
-- Table structure for table `station`
--

CREATE TABLE `station` (
  `station_id` int(11) NOT NULL,
  `station_code` varchar(3) NOT NULL,
  `name` varchar(255) NOT NULL,
  `city` varchar(255) NOT NULL
) ENGINE=InnoDB DEFAULT CHARSET=utf8mb4;

--
-- Dumping data for table `station`
--

INSERT INTO `station` (`station_id`, `station_code`, `name`, `city`) VALUES
(1, 'SMT', 'Tawang', 'Semarang'),
(2, 'SG', 'Serang', 'Banten'),
(3, 'BD', 'Bandung', 'Bandung'),
(4, 'LPN', 'Lempuyangan', 'Yogyakarta'),
(5, 'GMR', 'Gambir', 'Jakarta');

-- --------------------------------------------------------

--
-- Table structure for table `ticket`
--

CREATE TABLE `ticket` (
  `ticket_id` varchar(255) NOT NULL,
  `user_id` int(11) NOT NULL,
  `passenger_id` int(11) NOT NULL,
  `train_id` int(11) NOT NULL,
  `station_id` int(11) NOT NULL,
  `timestamp` timestamp NOT NULL DEFAULT current_timestamp()
) ENGINE=InnoDB DEFAULT CHARSET=utf8mb4;

--
-- Dumping data for table `ticket`
--

INSERT INTO `ticket` (`ticket_id`, `user_id`, `passenger_id`, `train_id`, `station_id`, `timestamp`) VALUES
('RO230624145953OT', 1, 34, 245, 1, '2024-06-23 07:59:53'),
('RO230624145953OT', 1, 35, 245, 1, '2024-06-23 07:59:53'),
('RO23062416211OT', 1, 36, 313, 1, '2024-06-23 09:21:01'),
('RO23062416212OT', 1, 37, 313, 1, '2024-06-23 09:21:02'),
('RO230624162215OT', 1, 38, 260, 2, '2024-06-23 09:22:15');

-- --------------------------------------------------------

--
-- Table structure for table `train`
--

CREATE TABLE `train` (
  `train_id` int(11) NOT NULL,
  `name` varchar(255) NOT NULL,
  `starting_station` varchar(255) NOT NULL,
  `ending_station` varchar(255) NOT NULL,
  `departing_time` timestamp NULL DEFAULT NULL,
  `arriving_time` timestamp NULL DEFAULT NULL,
  `price` int(11) NOT NULL
) ENGINE=InnoDB DEFAULT CHARSET=utf8mb4;

--
-- Dumping data for table `train`
--

INSERT INTO `train` (`train_id`, `name`, `starting_station`, `ending_station`, `departing_time`, `arriving_time`, `price`) VALUES
(1, 'Tawang LPN-A001', 'Lempuyangan', 'Tawang', '2024-07-14 18:50:50', '2024-07-15 01:50:50', 394452),
(2, 'Serang GMR-A002', 'Gambir', 'Serang', '2024-09-28 21:02:01', '2024-09-29 01:02:01', 947443),
(3, 'Tawang BD-A003', 'Bandung', 'Tawang', '2024-11-05 00:18:29', '2024-11-05 03:18:29', 738124),
(4, 'Tawang SG-A004', 'Serang', 'Tawang', '2024-10-07 15:28:54', '2024-10-07 18:28:54', 252277),
(5, 'Bandung GMR-A005', 'Gambir', 'Bandung', '2024-12-11 04:07:51', '2024-12-11 09:07:51', 92643),
(6, 'Bandung SG-A006', 'Serang', 'Bandung', '2024-08-21 15:43:59', '2024-08-21 19:43:59', 72977),
(7, 'Serang LPN-A007', 'Lempuyangan', 'Serang', '2024-10-15 15:10:45', '2024-10-15 17:10:45', 70820),
(8, 'Gambir BD-A008', 'Bandung', 'Gambir', '2024-10-28 01:20:36', '2024-10-28 09:20:36', 73034),
(9, 'Lempuyangan BD-A009', 'Bandung', 'Lempuyangan', '2024-12-15 17:03:19', '2024-12-15 22:03:19', 589012),
(10, 'Tawang LPN-A010', 'Lempuyangan', 'Tawang', '2024-10-20 18:44:10', '2024-10-21 02:44:10', 886929),
(11, 'Serang GMR-A011', 'Gambir', 'Serang', '2024-06-28 01:49:57', '2024-06-28 08:49:57', 69773),
(12, 'Serang GMR-A012', 'Gambir', 'Serang', '2024-07-03 02:13:33', '2024-07-03 08:13:33', 890923),
(13, 'Serang LPN-A013', 'Lempuyangan', 'Serang', '2024-07-13 05:32:10', '2024-07-13 07:32:10', 433552),
(14, 'Bandung GMR-A014', 'Gambir', 'Bandung', '2024-12-19 22:45:17', '2024-12-20 02:45:17', 400280),
(15, 'Serang BD-A015', 'Bandung', 'Serang', '2024-07-13 10:42:37', '2024-07-13 14:42:37', 393843),
(16, 'Lempuyangan SG-A016', 'Serang', 'Lempuyangan', '2024-09-06 03:07:51', '2024-09-06 11:07:51', 431306),
(17, 'Serang LPN-A017', 'Lempuyangan', 'Serang', '2024-09-07 23:40:01', '2024-09-08 01:40:01', 775509),
(18, 'Tawang LPN-A018', 'Lempuyangan', 'Tawang', '2024-08-22 12:19:56', '2024-08-22 13:19:56', 547309),
(19, 'Bandung SMT-A019', 'Tawang', 'Bandung', '2024-09-06 11:23:07', '2024-09-06 13:23:07', 986880),
(20, 'Serang LPN-A020', 'Lempuyangan', 'Serang', '2024-12-23 20:48:54', '2024-12-24 00:48:54', 378893),
(21, 'Lempuyangan SG-A021', 'Serang', 'Lempuyangan', '2024-09-23 15:34:58', '2024-09-23 18:34:58', 771733),
(22, 'Bandung LPN-A022', 'Lempuyangan', 'Bandung', '2024-06-21 08:54:12', '2024-06-21 11:54:12', 825452),
(23, 'Gambir SG-A023', 'Serang', 'Gambir', '2024-08-27 17:49:01', '2024-08-27 20:49:01', 171328),
(24, 'Serang GMR-A024', 'Gambir', 'Serang', '2024-11-23 08:37:25', '2024-11-23 14:37:25', 156561),
(25, 'Lempuyangan BD-A025', 'Bandung', 'Lempuyangan', '2024-07-27 10:32:56', '2024-07-27 11:32:56', 518154),
(26, 'Tawang GMR-A026', 'Gambir', 'Tawang', '2024-08-29 12:23:51', '2024-08-29 16:23:51', 184869),
(27, 'Gambir LPN-A027', 'Lempuyangan', 'Gambir', '2024-12-25 07:49:19', '2024-12-25 13:49:19', 481522),
(28, 'Bandung LPN-A028', 'Lempuyangan', 'Bandung', '2024-06-19 07:07:06', '2024-06-19 11:07:06', 260533),
(29, 'Gambir LPN-A029', 'Lempuyangan', 'Gambir', '2024-07-12 18:46:01', '2024-07-13 02:46:01', 236954),
(30, 'Bandung SG-A030', 'Serang', 'Bandung', '2024-09-27 04:48:05', '2024-09-27 11:48:05', 51105),
(31, 'Tawang GMR-A031', 'Gambir', 'Tawang', '2024-11-20 14:56:17', '2024-11-20 20:56:17', 67163),
(32, 'Gambir SMT-A032', 'Tawang', 'Gambir', '2024-07-05 13:13:53', '2024-07-05 16:13:53', 461070),
(33, 'Tawang GMR-A033', 'Gambir', 'Tawang', '2024-06-21 10:28:09', '2024-06-21 15:28:09', 613897),
(34, 'Lempuyangan BD-A034', 'Bandung', 'Lempuyangan', '2024-12-17 00:57:03', '2024-12-17 08:57:03', 837584),
(35, 'Lempuyangan GMR-A035', 'Gambir', 'Lempuyangan', '2024-11-21 04:41:15', '2024-11-21 12:41:15', 596752),
(36, 'Serang LPN-A036', 'Lempuyangan', 'Serang', '2024-12-08 23:53:48', '2024-12-09 05:53:48', 690858),
(37, 'Serang SMT-A037', 'Tawang', 'Serang', '2024-08-27 14:01:00', '2024-08-27 15:01:00', 111793),
(38, 'Lempuyangan SMT-A038', 'Tawang', 'Lempuyangan', '2024-12-21 23:16:39', '2024-12-22 07:16:39', 54602),
(39, 'Lempuyangan GMR-A039', 'Gambir', 'Lempuyangan', '2024-06-27 03:46:31', '2024-06-27 08:46:31', 351239),
(40, 'Lempuyangan SMT-A040', 'Tawang', 'Lempuyangan', '2024-10-03 12:21:59', '2024-10-03 13:21:59', 342418),
(41, 'Tawang SG-A041', 'Serang', 'Tawang', '2024-10-04 12:17:26', '2024-10-04 13:17:26', 202743),
(42, 'Serang LPN-A042', 'Lempuyangan', 'Serang', '2024-12-22 00:57:18', '2024-12-22 08:57:18', 306425),
(43, 'Lempuyangan BD-A043', 'Bandung', 'Lempuyangan', '2024-09-25 18:33:38', '2024-09-25 21:33:38', 240656),
(44, 'Tawang GMR-A044', 'Gambir', 'Tawang', '2024-07-31 17:55:05', '2024-07-31 22:55:05', 770023),
(45, 'Gambir BD-A045', 'Bandung', 'Gambir', '2024-12-23 10:15:21', '2024-12-23 12:15:21', 112013),
(46, 'Gambir BD-A046', 'Bandung', 'Gambir', '2024-10-24 23:24:40', '2024-10-25 04:24:40', 787426),
(47, 'Tawang BD-A047', 'Bandung', 'Tawang', '2024-08-20 17:44:05', '2024-08-21 00:44:05', 963418),
(48, 'Tawang BD-A048', 'Bandung', 'Tawang', '2024-06-30 15:32:24', '2024-06-30 16:32:24', 468206),
(49, 'Lempuyangan BD-A049', 'Bandung', 'Lempuyangan', '2024-10-02 18:06:28', '2024-10-02 23:06:28', 231359),
(50, 'Gambir BD-A050', 'Bandung', 'Gambir', '2024-06-27 16:47:53', '2024-06-27 21:47:53', 483974),
(51, 'Bandung GMR-A051', 'Gambir', 'Bandung', '2024-07-24 11:49:53', '2024-07-24 18:49:53', 686486),
(52, 'Bandung GMR-A052', 'Gambir', 'Bandung', '2024-11-22 15:50:05', '2024-11-22 19:50:05', 400329),
(53, 'Lempuyangan SG-A053', 'Serang', 'Lempuyangan', '2024-12-01 14:55:15', '2024-12-01 22:55:15', 274831),
(54, 'Lempuyangan GMR-A054', 'Gambir', 'Lempuyangan', '2024-08-06 21:28:09', '2024-08-07 01:28:09', 592269),
(55, 'Lempuyangan SG-A055', 'Serang', 'Lempuyangan', '2024-08-30 11:08:38', '2024-08-30 14:08:38', 482988),
(56, 'Tawang BD-A056', 'Bandung', 'Tawang', '2024-12-22 13:13:00', '2024-12-22 17:13:00', 631212),
(57, 'Gambir BD-A057', 'Bandung', 'Gambir', '2024-08-06 07:41:14', '2024-08-06 12:41:14', 72241),
(58, 'Lempuyangan SMT-A058', 'Tawang', 'Lempuyangan', '2024-09-10 09:45:39', '2024-09-10 17:45:39', 343769),
(59, 'Bandung LPN-A059', 'Lempuyangan', 'Bandung', '2024-10-17 02:05:25', '2024-10-17 09:05:25', 315905),
(60, 'Gambir SG-A060', 'Serang', 'Gambir', '2024-11-16 03:56:48', '2024-11-16 08:56:48', 369082),
(61, 'Gambir BD-A061', 'Bandung', 'Gambir', '2024-11-11 08:59:43', '2024-11-11 11:59:43', 233560),
(62, 'Serang GMR-A062', 'Gambir', 'Serang', '2024-12-28 16:09:48', '2024-12-28 20:09:48', 800023),
(63, 'Bandung GMR-A063', 'Gambir', 'Bandung', '2024-07-05 11:29:49', '2024-07-05 13:29:49', 314111),
(64, 'Tawang SG-A064', 'Serang', 'Tawang', '2024-07-10 18:03:27', '2024-07-10 22:03:27', 87085),
(65, 'Lempuyangan SG-A065', 'Serang', 'Lempuyangan', '2024-11-24 16:03:03', '2024-11-24 20:03:03', 405916),
(66, 'Serang SMT-A066', 'Tawang', 'Serang', '2024-10-18 13:04:08', '2024-10-18 19:04:08', 580257),
(67, 'Tawang BD-A067', 'Bandung', 'Tawang', '2024-09-19 09:46:28', '2024-09-19 17:46:28', 873065),
(68, 'Gambir BD-A068', 'Bandung', 'Gambir', '2024-07-14 09:37:20', '2024-07-14 12:37:20', 79059),
(69, 'Bandung LPN-A069', 'Lempuyangan', 'Bandung', '2024-12-28 14:33:58', '2024-12-28 17:33:58', 331949),
(70, 'Gambir SMT-A070', 'Tawang', 'Gambir', '2024-11-26 03:20:51', '2024-11-26 08:20:51', 138721),
(71, 'Serang BD-A071', 'Bandung', 'Serang', '2024-09-03 03:44:12', '2024-09-03 10:44:12', 627390),
(72, 'Serang BD-A072', 'Bandung', 'Serang', '2024-10-24 14:58:31', '2024-10-24 18:58:31', 76117),
(73, 'Bandung LPN-A073', 'Lempuyangan', 'Bandung', '2024-07-02 12:46:54', '2024-07-02 17:46:54', 56889),
(74, 'Gambir BD-A074', 'Bandung', 'Gambir', '2024-12-15 23:16:36', '2024-12-16 01:16:36', 664886),
(75, 'Bandung SG-A075', 'Serang', 'Bandung', '2024-08-26 06:26:46', '2024-08-26 07:26:46', 498891),
(76, 'Gambir SMT-A076', 'Tawang', 'Gambir', '2024-11-12 20:43:37', '2024-11-13 04:43:37', 535783),
(77, 'Serang GMR-A077', 'Gambir', 'Serang', '2024-11-25 01:28:53', '2024-11-25 06:28:53', 153525),
(78, 'Serang GMR-A078', 'Gambir', 'Serang', '2024-11-24 19:03:54', '2024-11-24 21:03:54', 958345),
(79, 'Gambir SG-A079', 'Serang', 'Gambir', '2024-10-29 01:48:27', '2024-10-29 09:48:27', 892219),
(80, 'Bandung GMR-A080', 'Gambir', 'Bandung', '2024-09-20 13:54:58', '2024-09-20 19:54:58', 788478),
(81, 'Bandung GMR-A081', 'Gambir', 'Bandung', '2024-11-19 00:09:06', '2024-11-19 02:09:06', 624024),
(82, 'Serang SMT-A082', 'Tawang', 'Serang', '2024-11-04 13:40:35', '2024-11-04 17:40:35', 193353),
(83, 'Gambir BD-A083', 'Bandung', 'Gambir', '2024-09-29 05:11:41', '2024-09-29 13:11:41', 893890),
(84, 'Serang LPN-A084', 'Lempuyangan', 'Serang', '2024-11-20 12:37:13', '2024-11-20 20:37:13', 657041),
(85, 'Tawang BD-A085', 'Bandung', 'Tawang', '2024-09-28 20:47:42', '2024-09-28 22:47:42', 688594),
(86, 'Gambir SG-A086', 'Serang', 'Gambir', '2024-08-22 07:38:32', '2024-08-22 08:38:32', 243539),
(87, 'Lempuyangan SG-A087', 'Serang', 'Lempuyangan', '2024-10-09 04:24:27', '2024-10-09 08:24:27', 955592),
(88, 'Lempuyangan GMR-A088', 'Gambir', 'Lempuyangan', '2024-11-27 02:44:07', '2024-11-27 03:44:07', 609075),
(89, 'Gambir LPN-A089', 'Lempuyangan', 'Gambir', '2024-06-26 21:09:43', '2024-06-27 04:09:43', 547512),
(90, 'Gambir SMT-A090', 'Tawang', 'Gambir', '2024-11-13 22:56:43', '2024-11-14 02:56:43', 504867),
(91, 'Serang LPN-A091', 'Lempuyangan', 'Serang', '2024-12-09 23:04:52', '2024-12-10 07:04:52', 383835),
(92, 'Gambir SMT-A092', 'Tawang', 'Gambir', '2024-08-08 18:23:20', '2024-08-08 22:23:20', 760157),
(93, 'Lempuyangan BD-A093', 'Bandung', 'Lempuyangan', '2024-10-22 19:59:58', '2024-10-23 01:59:58', 848932),
(94, 'Tawang SG-A094', 'Serang', 'Tawang', '2024-10-18 14:05:11', '2024-10-18 17:05:11', 559569),
(95, 'Tawang LPN-A095', 'Lempuyangan', 'Tawang', '2024-09-14 09:22:06', '2024-09-14 12:22:06', 810121),
(96, 'Gambir LPN-A096', 'Lempuyangan', 'Gambir', '2024-11-04 12:20:33', '2024-11-04 16:20:33', 686211),
(97, 'Serang LPN-A097', 'Lempuyangan', 'Serang', '2024-07-15 03:18:09', '2024-07-15 07:18:09', 524772),
(98, 'Tawang SG-A098', 'Serang', 'Tawang', '2024-10-20 18:10:46', '2024-10-21 02:10:46', 120161),
(99, 'Tawang LPN-B001', 'Lempuyangan', 'Tawang', '2024-10-05 16:59:30', '2024-10-05 17:59:30', 628076),
(100, 'Lempuyangan BD-B002', 'Bandung', 'Lempuyangan', '2024-08-23 21:37:33', '2024-08-23 22:37:33', 678166),
(101, 'Bandung SG-B003', 'Serang', 'Bandung', '2024-12-21 00:35:39', '2024-12-21 03:35:39', 290239),
(102, 'Lempuyangan SG-B004', 'Serang', 'Lempuyangan', '2024-10-19 07:20:40', '2024-10-19 13:20:40', 817538),
(103, 'Tawang LPN-B005', 'Lempuyangan', 'Tawang', '2024-09-26 12:07:01', '2024-09-26 20:07:01', 452042),
(104, 'Serang BD-B006', 'Bandung', 'Serang', '2024-07-20 23:22:24', '2024-07-21 00:22:24', 690374),
(105, 'Gambir LPN-B007', 'Lempuyangan', 'Gambir', '2024-08-11 16:25:14', '2024-08-11 22:25:14', 771365),
(106, 'Bandung SG-B008', 'Serang', 'Bandung', '2024-11-20 18:22:05', '2024-11-20 22:22:05', 881766),
(107, 'Bandung LPN-B009', 'Lempuyangan', 'Bandung', '2024-07-02 17:22:18', '2024-07-02 23:22:18', 545027),
(108, 'Serang LPN-B010', 'Lempuyangan', 'Serang', '2024-07-08 00:09:25', '2024-07-08 06:09:25', 423639),
(109, 'Bandung GMR-B011', 'Gambir', 'Bandung', '2024-06-20 14:49:08', '2024-06-20 17:49:08', 991549),
(110, 'Bandung GMR-B012', 'Gambir', 'Bandung', '2024-07-21 02:06:58', '2024-07-21 03:06:58', 311996),
(111, 'Lempuyangan BD-B013', 'Bandung', 'Lempuyangan', '2024-12-27 05:28:23', '2024-12-27 07:28:23', 597082),
(112, 'Serang SMT-B014', 'Tawang', 'Serang', '2024-09-17 19:49:56', '2024-09-18 01:49:56', 192418),
(113, 'Serang GMR-B015', 'Gambir', 'Serang', '2024-11-13 07:05:35', '2024-11-13 13:05:35', 596589),
(114, 'Gambir SMT-B016', 'Tawang', 'Gambir', '2024-10-21 10:21:30', '2024-10-21 12:21:30', 630633),
(115, 'Bandung SMT-B017', 'Tawang', 'Bandung', '2024-11-30 15:29:49', '2024-11-30 21:29:49', 214337),
(116, 'Bandung SMT-B018', 'Tawang', 'Bandung', '2024-09-13 12:37:44', '2024-09-13 13:37:44', 727216),
(117, 'Gambir SG-B019', 'Serang', 'Gambir', '2024-09-03 02:45:08', '2024-09-03 10:45:08', 995379),
(118, 'Bandung SG-B020', 'Serang', 'Bandung', '2024-12-27 18:54:39', '2024-12-27 23:54:39', 400327),
(119, 'Tawang LPN-B021', 'Lempuyangan', 'Tawang', '2024-07-14 22:54:40', '2024-07-15 05:54:40', 973380),
(120, 'Tawang GMR-B022', 'Gambir', 'Tawang', '2024-07-04 20:25:20', '2024-07-05 01:25:20', 329664),
(121, 'Lempuyangan SMT-B023', 'Tawang', 'Lempuyangan', '2024-12-22 21:59:16', '2024-12-23 04:59:16', 424120),
(122, 'Lempuyangan GMR-B024', 'Gambir', 'Lempuyangan', '2024-12-03 13:35:21', '2024-12-03 19:35:21', 344105),
(123, 'Tawang SG-B025', 'Serang', 'Tawang', '2024-11-24 00:36:14', '2024-11-24 07:36:14', 611651),
(124, 'Tawang SG-B026', 'Serang', 'Tawang', '2024-10-16 06:20:54', '2024-10-16 11:20:54', 365368),
(125, 'Serang LPN-B027', 'Lempuyangan', 'Serang', '2024-07-30 03:02:34', '2024-07-30 05:02:34', 56438),
(126, 'Tawang GMR-B028', 'Gambir', 'Tawang', '2024-11-07 23:39:26', '2024-11-08 02:39:26', 845430),
(127, 'Serang LPN-B029', 'Lempuyangan', 'Serang', '2024-10-05 07:15:51', '2024-10-05 13:15:51', 805619),
(128, 'Gambir SG-B030', 'Serang', 'Gambir', '2024-07-25 19:57:48', '2024-07-25 20:57:48', 378757),
(129, 'Lempuyangan SMT-B031', 'Tawang', 'Lempuyangan', '2024-10-17 04:02:20', '2024-10-17 08:02:20', 311616),
(130, 'Serang GMR-B032', 'Gambir', 'Serang', '2024-11-14 15:36:32', '2024-11-14 21:36:32', 80107),
(131, 'Gambir BD-B033', 'Bandung', 'Gambir', '2024-07-05 20:43:06', '2024-07-05 21:43:06', 90670),
(132, 'Tawang SG-B034', 'Serang', 'Tawang', '2024-06-24 16:08:07', '2024-06-24 19:08:07', 566878),
(133, 'Lempuyangan SMT-B035', 'Tawang', 'Lempuyangan', '2024-08-05 07:24:53', '2024-08-05 11:24:53', 755723),
(134, 'Lempuyangan SG-B036', 'Serang', 'Lempuyangan', '2024-10-05 16:31:56', '2024-10-05 23:31:56', 325114),
(135, 'Tawang LPN-B037', 'Lempuyangan', 'Tawang', '2024-09-03 04:02:41', '2024-09-03 07:02:41', 346032),
(136, 'Lempuyangan SMT-B038', 'Tawang', 'Lempuyangan', '2024-08-20 00:31:08', '2024-08-20 06:31:08', 198991),
(137, 'Bandung SMT-B039', 'Tawang', 'Bandung', '2024-10-16 17:54:02', '2024-10-16 21:54:02', 540811),
(138, 'Bandung LPN-B040', 'Lempuyangan', 'Bandung', '2024-09-29 17:08:51', '2024-09-29 23:08:51', 673630),
(139, 'Bandung SG-B041', 'Serang', 'Bandung', '2024-12-24 02:54:28', '2024-12-24 04:54:28', 333814),
(140, 'Gambir BD-B042', 'Bandung', 'Gambir', '2024-10-22 05:03:35', '2024-10-22 09:03:35', 533276),
(141, 'Gambir BD-B043', 'Bandung', 'Gambir', '2024-10-01 21:40:23', '2024-10-02 02:40:23', 399719),
(142, 'Serang LPN-B044', 'Lempuyangan', 'Serang', '2024-10-29 10:46:37', '2024-10-29 13:46:37', 693227),
(143, 'Bandung GMR-B045', 'Gambir', 'Bandung', '2024-11-02 22:54:38', '2024-11-03 02:54:38', 962267),
(144, 'Bandung SG-B046', 'Serang', 'Bandung', '2024-08-20 23:07:58', '2024-08-21 00:07:58', 144408),
(145, 'Serang BD-B047', 'Bandung', 'Serang', '2024-09-11 21:50:49', '2024-09-11 23:50:49', 343541),
(146, 'Tawang LPN-B048', 'Lempuyangan', 'Tawang', '2024-08-31 12:29:18', '2024-08-31 15:29:18', 349415),
(147, 'Lempuyangan BD-B049', 'Bandung', 'Lempuyangan', '2024-12-05 15:47:36', '2024-12-05 20:47:36', 216630),
(148, 'Tawang SG-B050', 'Serang', 'Tawang', '2024-09-04 01:04:28', '2024-09-04 06:04:28', 688651),
(149, 'Gambir SG-B051', 'Serang', 'Gambir', '2024-09-04 20:16:02', '2024-09-05 01:16:02', 756526),
(150, 'Lempuyangan BD-B052', 'Bandung', 'Lempuyangan', '2024-11-12 00:10:33', '2024-11-12 04:10:33', 678923),
(151, 'Tawang SG-B053', 'Serang', 'Tawang', '2024-11-17 23:51:44', '2024-11-18 05:51:44', 585524),
(152, 'Bandung GMR-B054', 'Gambir', 'Bandung', '2024-09-24 01:03:04', '2024-09-24 09:03:04', 468956),
(153, 'Gambir LPN-B055', 'Lempuyangan', 'Gambir', '2024-09-08 12:35:17', '2024-09-08 14:35:17', 138088),
(154, 'Gambir SMT-B056', 'Tawang', 'Gambir', '2024-11-26 04:59:49', '2024-11-26 06:59:49', 487451),
(155, 'Tawang BD-B057', 'Bandung', 'Tawang', '2024-08-28 01:07:39', '2024-08-28 08:07:39', 332637),
(156, 'Tawang LPN-B058', 'Lempuyangan', 'Tawang', '2024-08-30 10:24:01', '2024-08-30 15:24:01', 314634),
(157, 'Lempuyangan SG-B059', 'Serang', 'Lempuyangan', '2024-12-03 00:47:00', '2024-12-03 02:47:00', 335711),
(158, 'Serang SMT-B060', 'Tawang', 'Serang', '2024-07-21 20:02:35', '2024-07-21 21:02:35', 75650),
(159, 'Bandung SMT-B061', 'Tawang', 'Bandung', '2024-09-18 17:16:00', '2024-09-18 20:16:00', 650308),
(160, 'Bandung SMT-B062', 'Tawang', 'Bandung', '2024-08-08 12:07:46', '2024-08-08 18:07:46', 133208),
(161, 'Lempuyangan SG-B063', 'Serang', 'Lempuyangan', '2024-10-04 12:52:46', '2024-10-04 19:52:46', 596968),
(162, 'Bandung SG-B064', 'Serang', 'Bandung', '2024-09-09 18:06:13', '2024-09-10 02:06:13', 725381),
(163, 'Tawang SG-B065', 'Serang', 'Tawang', '2024-12-07 06:25:26', '2024-12-07 10:25:26', 926023),
(164, 'Bandung SMT-B066', 'Tawang', 'Bandung', '2024-11-04 03:34:21', '2024-11-04 11:34:21', 225652),
(165, 'Gambir LPN-B067', 'Lempuyangan', 'Gambir', '2024-08-09 16:42:47', '2024-08-09 22:42:47', 265188),
(166, 'Bandung LPN-B068', 'Lempuyangan', 'Bandung', '2024-10-26 09:53:18', '2024-10-26 10:53:18', 530403),
(167, 'Bandung SG-B069', 'Serang', 'Bandung', '2024-12-05 02:51:15', '2024-12-05 09:51:15', 637511),
(168, 'Serang BD-B070', 'Bandung', 'Serang', '2024-11-28 08:46:20', '2024-11-28 11:46:20', 47822),
(169, 'Bandung GMR-B071', 'Gambir', 'Bandung', '2024-06-24 08:14:36', '2024-06-24 10:14:36', 779220),
(170, 'Serang LPN-B072', 'Lempuyangan', 'Serang', '2024-08-10 18:07:42', '2024-08-10 23:07:42', 53352),
(171, 'Lempuyangan SG-B073', 'Serang', 'Lempuyangan', '2024-08-13 02:40:00', '2024-08-13 05:40:00', 649895),
(172, 'Gambir LPN-B074', 'Lempuyangan', 'Gambir', '2024-09-28 17:32:14', '2024-09-28 23:32:14', 972135),
(173, 'Gambir LPN-B075', 'Lempuyangan', 'Gambir', '2024-12-03 17:41:52', '2024-12-04 01:41:52', 628276),
(174, 'Lempuyangan GMR-B076', 'Gambir', 'Lempuyangan', '2024-08-23 14:06:04', '2024-08-23 15:06:04', 319511),
(175, 'Lempuyangan BD-B077', 'Bandung', 'Lempuyangan', '2024-10-08 06:49:46', '2024-10-08 09:49:46', 197849),
(176, 'Bandung SMT-B078', 'Tawang', 'Bandung', '2024-11-07 06:14:55', '2024-11-07 08:14:55', 159334),
(177, 'Tawang LPN-B079', 'Lempuyangan', 'Tawang', '2024-07-27 14:28:16', '2024-07-27 22:28:16', 727656),
(178, 'Gambir SMT-B080', 'Tawang', 'Gambir', '2024-09-20 07:34:31', '2024-09-20 13:34:31', 583631),
(179, 'Gambir SMT-B081', 'Tawang', 'Gambir', '2024-09-30 14:31:55', '2024-09-30 22:31:55', 95454),
(180, 'Gambir SMT-B082', 'Tawang', 'Gambir', '2024-06-26 23:25:07', '2024-06-27 07:25:07', 773138),
(181, 'Serang BD-B083', 'Bandung', 'Serang', '2024-06-24 01:08:31', '2024-06-24 09:08:31', 572831),
(182, 'Lempuyangan BD-B084', 'Bandung', 'Lempuyangan', '2024-11-01 14:29:11', '2024-11-01 18:29:11', 813310),
(183, 'Gambir SG-B085', 'Serang', 'Gambir', '2024-08-29 01:32:16', '2024-08-29 02:32:16', 717655),
(184, 'Tawang BD-B086', 'Bandung', 'Tawang', '2024-11-05 02:17:12', '2024-11-05 09:17:12', 697263),
(185, 'Bandung SMT-B087', 'Tawang', 'Bandung', '2024-08-10 13:15:53', '2024-08-10 21:15:53', 145368),
(186, 'Bandung LPN-B088', 'Lempuyangan', 'Bandung', '2024-06-30 18:15:04', '2024-07-01 00:15:04', 117633),
(187, 'Tawang GMR-B089', 'Gambir', 'Tawang', '2024-12-08 05:17:32', '2024-12-08 08:17:32', 365251),
(188, 'Lempuyangan GMR-B090', 'Gambir', 'Lempuyangan', '2024-11-06 20:14:11', '2024-11-06 22:14:11', 345106),
(189, 'Serang GMR-B091', 'Gambir', 'Serang', '2024-11-20 21:13:35', '2024-11-21 00:13:35', 469670),
(190, 'Bandung SMT-B092', 'Tawang', 'Bandung', '2024-11-29 15:46:01', '2024-11-29 23:46:01', 243190),
(191, 'Bandung LPN-B093', 'Lempuyangan', 'Bandung', '2024-11-05 10:05:04', '2024-11-05 13:05:04', 655134),
(192, 'Tawang LPN-B094', 'Lempuyangan', 'Tawang', '2024-12-21 04:56:07', '2024-12-21 11:56:07', 81121),
(193, 'Tawang BD-B095', 'Bandung', 'Tawang', '2024-09-15 12:53:04', '2024-09-15 13:53:04', 930019),
(194, 'Gambir LPN-B096', 'Lempuyangan', 'Gambir', '2024-11-22 22:19:00', '2024-11-23 02:19:00', 670222),
(195, 'Bandung LPN-B097', 'Lempuyangan', 'Bandung', '2024-10-16 06:51:02', '2024-10-16 09:51:02', 286112),
(196, 'Gambir SMT-B098', 'Tawang', 'Gambir', '2024-09-17 06:04:03', '2024-09-17 09:04:03', 946725),
(197, 'Serang LPN-B099', 'Lempuyangan', 'Serang', '2024-09-05 08:13:57', '2024-09-05 16:13:57', 868781),
(198, 'Gambir SG-C001', 'Serang', 'Gambir', '2024-11-23 10:05:36', '2024-11-23 11:05:36', 720382),
(199, 'Tawang GMR-C002', 'Gambir', 'Tawang', '2024-11-07 06:42:13', '2024-11-07 13:42:13', 176328),
(200, 'Bandung GMR-C003', 'Gambir', 'Bandung', '2024-12-08 04:43:05', '2024-12-08 07:43:05', 391313),
(201, 'Tawang LPN-C004', 'Lempuyangan', 'Tawang', '2024-08-09 13:53:40', '2024-08-09 20:53:40', 226789),
(202, 'Lempuyangan GMR-C005', 'Gambir', 'Lempuyangan', '2024-09-23 14:31:00', '2024-09-23 21:31:00', 514922),
(203, 'Serang GMR-C006', 'Gambir', 'Serang', '2024-10-12 19:24:53', '2024-10-12 22:24:53', 384838),
(204, 'Tawang LPN-C007', 'Lempuyangan', 'Tawang', '2024-08-27 00:56:05', '2024-08-27 05:56:05', 729972),
(205, 'Bandung LPN-C008', 'Lempuyangan', 'Bandung', '2024-10-24 20:57:25', '2024-10-24 23:57:25', 403468),
(206, 'Lempuyangan BD-C009', 'Bandung', 'Lempuyangan', '2024-11-08 22:46:26', '2024-11-09 04:46:26', 410617),
(207, 'Bandung LPN-C010', 'Lempuyangan', 'Bandung', '2024-11-05 07:58:13', '2024-11-05 08:58:13', 539329),
(208, 'Bandung LPN-C011', 'Lempuyangan', 'Bandung', '2024-07-02 01:08:12', '2024-07-02 07:08:12', 426141),
(209, 'Lempuyangan GMR-C012', 'Gambir', 'Lempuyangan', '2024-12-18 19:38:38', '2024-12-19 03:38:38', 134070),
(210, 'Lempuyangan SMT-C013', 'Tawang', 'Lempuyangan', '2024-08-03 19:44:02', '2024-08-03 20:44:02', 372000),
(211, 'Bandung SG-C014', 'Serang', 'Bandung', '2024-09-12 11:52:48', '2024-09-12 13:52:48', 383906),
(212, 'Serang BD-C015', 'Bandung', 'Serang', '2024-07-08 05:12:26', '2024-07-08 11:12:26', 163806),
(213, 'Tawang BD-C016', 'Bandung', 'Tawang', '2024-07-12 21:49:10', '2024-07-13 04:49:10', 381807),
(214, 'Tawang SG-C017', 'Serang', 'Tawang', '2024-07-04 22:13:22', '2024-07-05 05:13:22', 559802),
(215, 'Bandung LPN-C018', 'Lempuyangan', 'Bandung', '2024-11-28 19:14:50', '2024-11-29 03:14:50', 318099),
(216, 'Gambir SMT-C019', 'Tawang', 'Gambir', '2024-12-03 06:48:59', '2024-12-03 08:48:59', 611371),
(217, 'Bandung SG-C020', 'Serang', 'Bandung', '2024-07-20 09:11:40', '2024-07-20 10:11:40', 131857),
(218, 'Lempuyangan GMR-C021', 'Gambir', 'Lempuyangan', '2024-07-08 00:44:33', '2024-07-08 06:44:33', 331645),
(219, 'Tawang GMR-C022', 'Gambir', 'Tawang', '2024-11-11 01:36:51', '2024-11-11 07:36:51', 260069),
(220, 'Lempuyangan SG-C023', 'Serang', 'Lempuyangan', '2024-07-08 07:14:21', '2024-07-08 15:14:21', 712364),
(221, 'Gambir LPN-C024', 'Lempuyangan', 'Gambir', '2024-07-20 01:55:30', '2024-07-20 08:55:30', 836675),
(222, 'Bandung GMR-C025', 'Gambir', 'Bandung', '2024-09-04 17:42:08', '2024-09-04 21:42:08', 390471),
(223, 'Gambir SMT-C026', 'Tawang', 'Gambir', '2024-12-09 10:34:05', '2024-12-09 18:34:05', 844905),
(224, 'Bandung SG-C027', 'Serang', 'Bandung', '2024-09-22 19:48:39', '2024-09-23 02:48:39', 209332),
(225, 'Lempuyangan SG-C028', 'Serang', 'Lempuyangan', '2024-11-13 02:01:48', '2024-11-13 03:01:48', 823207),
(226, 'Gambir SMT-C029', 'Tawang', 'Gambir', '2024-10-24 17:23:09', '2024-10-24 18:23:09', 163284),
(227, 'Lempuyangan BD-C030', 'Bandung', 'Lempuyangan', '2024-12-06 22:09:17', '2024-12-07 02:09:17', 116883),
(228, 'Tawang SG-C031', 'Serang', 'Tawang', '2024-09-18 17:07:26', '2024-09-18 21:07:26', 573039),
(229, 'Gambir SG-C032', 'Serang', 'Gambir', '2024-09-27 18:49:18', '2024-09-28 02:49:18', 633576),
(230, 'Tawang BD-C033', 'Bandung', 'Tawang', '2024-09-04 08:48:47', '2024-09-04 09:48:47', 256603),
(231, 'Bandung LPN-C034', 'Lempuyangan', 'Bandung', '2024-11-15 01:12:50', '2024-11-15 07:12:50', 231968),
(232, 'Gambir LPN-C035', 'Lempuyangan', 'Gambir', '2024-12-06 01:14:53', '2024-12-06 03:14:53', 538824),
(233, 'Gambir SG-C036', 'Serang', 'Gambir', '2024-11-08 12:13:32', '2024-11-08 19:13:32', 330632),
(234, 'Bandung LPN-C037', 'Lempuyangan', 'Bandung', '2024-08-11 08:43:41', '2024-08-11 10:43:41', 530149),
(235, 'Lempuyangan SMT-C038', 'Tawang', 'Lempuyangan', '2024-09-26 00:24:58', '2024-09-26 01:24:58', 698128),
(236, 'Gambir SG-C039', 'Serang', 'Gambir', '2024-11-15 10:52:10', '2024-11-15 12:52:10', 405205),
(237, 'Lempuyangan BD-C040', 'Bandung', 'Lempuyangan', '2024-09-16 17:12:17', '2024-09-16 19:12:17', 797922),
(238, 'Bandung SMT-C041', 'Tawang', 'Bandung', '2024-08-07 03:12:06', '2024-08-07 04:12:06', 516284),
(239, 'Gambir LPN-C042', 'Lempuyangan', 'Gambir', '2024-07-10 14:09:42', '2024-07-10 16:09:42', 149398),
(240, 'Serang SMT-C043', 'Tawang', 'Serang', '2024-12-23 04:06:35', '2024-12-23 09:06:35', 158703),
(241, 'Tawang SG-C044', 'Serang', 'Tawang', '2024-11-22 00:59:47', '2024-11-22 02:59:47', 891222),
(242, 'Bandung SMT-C045', 'Tawang', 'Bandung', '2024-11-11 08:53:43', '2024-11-11 14:53:43', 514350),
(243, 'Bandung SG-C046', 'Serang', 'Bandung', '2024-11-09 05:08:28', '2024-11-09 06:08:28', 46392),
(244, 'Bandung SMT-C047', 'Tawang', 'Bandung', '2024-08-27 11:22:34', '2024-08-27 18:22:34', 495332),
(245, 'Serang SMT-C048', 'Tawang', 'Serang', '2024-07-01 17:16:27', '2024-07-02 00:16:27', 408131),
(246, 'Bandung SMT-C049', 'Tawang', 'Bandung', '2024-09-04 01:28:29', '2024-09-04 09:28:29', 613654),
(247, 'Lempuyangan SMT-C050', 'Tawang', 'Lempuyangan', '2024-10-18 11:57:30', '2024-10-18 19:57:30', 248446),
(248, 'Serang BD-C051', 'Bandung', 'Serang', '2024-09-12 21:01:48', '2024-09-13 00:01:48', 492848),
(249, 'Tawang GMR-C052', 'Gambir', 'Tawang', '2024-10-12 20:38:36', '2024-10-13 00:38:36', 637778),
(250, 'Bandung LPN-C053', 'Lempuyangan', 'Bandung', '2024-09-01 17:50:52', '2024-09-01 20:50:52', 755736),
(251, 'Serang BD-C054', 'Bandung', 'Serang', '2024-09-26 04:47:00', '2024-09-26 12:47:00', 508082),
(252, 'Lempuyangan SMT-C055', 'Tawang', 'Lempuyangan', '2024-08-18 12:37:28', '2024-08-18 20:37:28', 730440),
(253, 'Tawang BD-C056', 'Bandung', 'Tawang', '2024-09-29 05:30:35', '2024-09-29 08:30:35', 200873),
(254, 'Tawang BD-C057', 'Bandung', 'Tawang', '2024-11-17 10:08:58', '2024-11-17 16:08:58', 759264),
(255, 'Serang BD-C058', 'Bandung', 'Serang', '2024-10-12 01:56:58', '2024-10-12 09:56:58', 508519),
(256, 'Lempuyangan GMR-C059', 'Gambir', 'Lempuyangan', '2024-06-24 22:49:00', '2024-06-25 00:49:00', 558106),
(257, 'Lempuyangan BD-C060', 'Bandung', 'Lempuyangan', '2024-11-16 01:35:26', '2024-11-16 03:35:26', 388965),
(258, 'Lempuyangan SG-C061', 'Serang', 'Lempuyangan', '2024-09-08 05:35:34', '2024-09-08 12:35:34', 185400),
(259, 'Gambir LPN-C062', 'Lempuyangan', 'Gambir', '2024-10-06 22:46:01', '2024-10-07 03:46:01', 50385),
(260, 'Bandung SG-C063', 'Serang', 'Bandung', '2024-06-28 15:37:34', '2024-06-28 20:37:34', 72210),
(261, 'Gambir LPN-C064', 'Lempuyangan', 'Gambir', '2024-08-19 17:18:05', '2024-08-19 20:18:05', 834601),
(262, 'Tawang GMR-C065', 'Gambir', 'Tawang', '2024-12-21 05:02:51', '2024-12-21 11:02:51', 470686),
(263, 'Gambir SG-C066', 'Serang', 'Gambir', '2024-06-20 05:57:57', '2024-06-20 07:57:57', 692862),
(264, 'Gambir BD-C067', 'Bandung', 'Gambir', '2024-12-07 10:10:24', '2024-12-07 16:10:24', 641976),
(265, 'Bandung SMT-C068', 'Tawang', 'Bandung', '2024-12-09 01:06:14', '2024-12-09 07:06:14', 392749),
(266, 'Bandung LPN-C069', 'Lempuyangan', 'Bandung', '2024-08-28 01:52:07', '2024-08-28 05:52:07', 662586),
(267, 'Serang BD-C070', 'Bandung', 'Serang', '2024-11-28 04:17:24', '2024-11-28 12:17:24', 226868),
(268, 'Serang BD-C071', 'Bandung', 'Serang', '2024-07-18 01:17:24', '2024-07-18 09:17:24', 346361),
(269, 'Lempuyangan GMR-C072', 'Gambir', 'Lempuyangan', '2024-10-26 07:51:18', '2024-10-26 10:51:18', 330493),
(270, 'Lempuyangan BD-C073', 'Bandung', 'Lempuyangan', '2024-06-24 14:04:31', '2024-06-24 18:04:31', 508222),
(271, 'Tawang LPN-C074', 'Lempuyangan', 'Tawang', '2024-09-18 05:53:49', '2024-09-18 10:53:49', 916267),
(272, 'Gambir SG-C075', 'Serang', 'Gambir', '2024-10-11 21:05:58', '2024-10-12 01:05:58', 164129),
(273, 'Bandung SG-C076', 'Serang', 'Bandung', '2024-06-25 17:02:43', '2024-06-25 21:02:43', 388562),
(274, 'Gambir SMT-C077', 'Tawang', 'Gambir', '2024-10-14 13:24:45', '2024-10-14 15:24:45', 380874),
(275, 'Serang GMR-C078', 'Gambir', 'Serang', '2024-07-15 06:19:13', '2024-07-15 09:19:13', 686486),
(276, 'Lempuyangan GMR-C079', 'Gambir', 'Lempuyangan', '2024-08-09 12:56:28', '2024-08-09 18:56:28', 155996),
(277, 'Gambir SG-C080', 'Serang', 'Gambir', '2024-09-24 14:50:26', '2024-09-24 17:50:26', 518612),
(278, 'Bandung LPN-C081', 'Lempuyangan', 'Bandung', '2024-07-16 13:42:27', '2024-07-16 14:42:27', 363701),
(279, 'Bandung LPN-C082', 'Lempuyangan', 'Bandung', '2024-10-07 12:09:54', '2024-10-07 20:09:54', 490081),
(280, 'Bandung LPN-C083', 'Lempuyangan', 'Bandung', '2024-12-08 17:01:50', '2024-12-09 00:01:50', 616642),
(281, 'Gambir LPN-C084', 'Lempuyangan', 'Gambir', '2024-06-22 19:00:03', '2024-06-22 22:00:03', 262715),
(282, 'Gambir BD-C085', 'Bandung', 'Gambir', '2024-07-18 03:02:44', '2024-07-18 10:02:44', 773461),
(283, 'Gambir SG-C086', 'Serang', 'Gambir', '2024-08-22 17:15:50', '2024-08-22 21:15:50', 315925),
(284, 'Tawang LPN-C087', 'Lempuyangan', 'Tawang', '2024-06-29 09:50:21', '2024-06-29 13:50:21', 661709),
(285, 'Gambir BD-C088', 'Bandung', 'Gambir', '2024-07-12 07:16:02', '2024-07-12 12:16:02', 896041),
(286, 'Bandung SG-C089', 'Serang', 'Bandung', '2024-12-21 16:00:58', '2024-12-21 21:00:58', 816747),
(287, 'Gambir BD-C090', 'Bandung', 'Gambir', '2024-12-29 03:43:34', '2024-12-29 10:43:34', 830101),
(288, 'Tawang BD-C091', 'Bandung', 'Tawang', '2024-12-23 13:19:10', '2024-12-23 16:19:10', 182016),
(289, 'Lempuyangan SMT-C092', 'Tawang', 'Lempuyangan', '2024-09-06 10:26:14', '2024-09-06 11:26:14', 257093),
(290, 'Gambir SG-C093', 'Serang', 'Gambir', '2024-08-28 10:24:35', '2024-08-28 11:24:35', 312030),
(291, 'Lempuyangan SMT-C094', 'Tawang', 'Lempuyangan', '2024-09-15 13:48:54', '2024-09-15 14:48:54', 420604),
(292, 'Bandung LPN-C095', 'Lempuyangan', 'Bandung', '2024-10-14 16:14:57', '2024-10-14 20:14:57', 875651),
(293, 'Bandung GMR-C096', 'Gambir', 'Bandung', '2024-11-17 07:34:38', '2024-11-17 13:34:38', 444693),
(294, 'Serang SMT-C097', 'Tawang', 'Serang', '2024-12-03 17:11:05', '2024-12-04 00:11:05', 306839),
(295, 'Tawang BD-C098', 'Bandung', 'Tawang', '2024-09-09 09:09:45', '2024-09-09 11:09:45', 856717),
(296, 'Serang LPN-C099', 'Lempuyangan', 'Serang', '2024-12-03 09:50:54', '2024-12-03 15:50:54', 295369),
(297, 'Gambir SMT-D001', 'Tawang', 'Gambir', '2024-09-10 04:48:35', '2024-09-10 05:48:35', 662850),
(298, 'Lempuyangan SMT-D002', 'Tawang', 'Lempuyangan', '2024-10-04 20:20:55', '2024-10-05 01:20:55', 55618),
(299, 'Gambir SG-D003', 'Serang', 'Gambir', '2024-12-05 20:01:01', '2024-12-06 00:01:01', 909894),
(300, 'Gambir BD-D004', 'Bandung', 'Gambir', '2024-08-03 12:27:34', '2024-08-03 17:27:34', 698932),
(301, 'Gambir SG-D005', 'Serang', 'Gambir', '2024-09-12 22:02:53', '2024-09-13 05:02:53', 640717),
(302, 'Lempuyangan BD-D006', 'Bandung', 'Lempuyangan', '2024-09-27 08:44:27', '2024-09-27 16:44:27', 745206),
(303, 'Tawang SG-D007', 'Serang', 'Tawang', '2024-07-31 21:34:53', '2024-08-01 04:34:53', 430371),
(304, 'Serang BD-D008', 'Bandung', 'Serang', '2024-07-17 09:18:32', '2024-07-17 13:18:32', 125758),
(305, 'Gambir BD-D009', 'Bandung', 'Gambir', '2024-11-08 00:36:56', '2024-11-08 07:36:56', 167353),
(306, 'Bandung LPN-D010', 'Lempuyangan', 'Bandung', '2024-07-28 22:01:55', '2024-07-29 00:01:55', 287346),
(307, 'Gambir SMT-D011', 'Tawang', 'Gambir', '2024-11-16 12:59:25', '2024-11-16 17:59:25', 424552),
(308, 'Gambir LPN-D012', 'Lempuyangan', 'Gambir', '2024-11-29 09:14:10', '2024-11-29 12:14:10', 844461),
(309, 'Bandung GMR-D013', 'Gambir', 'Bandung', '2024-07-25 16:13:09', '2024-07-25 18:13:09', 290575),
(310, 'Lempuyangan SG-D014', 'Serang', 'Lempuyangan', '2024-06-22 07:07:54', '2024-06-22 09:07:54', 432031),
(311, 'Tawang SG-D015', 'Serang', 'Tawang', '2024-12-11 01:22:53', '2024-12-11 04:22:53', 819007),
(312, 'Lempuyangan BD-D016', 'Bandung', 'Lempuyangan', '2024-08-17 02:42:33', '2024-08-17 08:42:33', 856049),
(313, 'Bandung SMT-D017', 'Tawang', 'Bandung', '2024-07-24 07:49:40', '2024-07-24 10:49:40', 575522),
(314, 'Serang SMT-D018', 'Tawang', 'Serang', '2024-11-10 13:04:26', '2024-11-10 19:04:26', 235030),
(315, 'Gambir SG-D019', 'Serang', 'Gambir', '2024-07-30 12:26:36', '2024-07-30 19:26:36', 757688),
(316, 'Bandung GMR-D020', 'Gambir', 'Bandung', '2024-06-27 12:07:13', '2024-06-27 15:07:13', 875828),
(317, 'Serang SMT-D021', 'Tawang', 'Serang', '2024-10-04 17:33:39', '2024-10-04 23:33:39', 614309),
(318, 'Bandung SMT-D022', 'Tawang', 'Bandung', '2024-07-07 15:06:57', '2024-07-07 20:06:57', 116375),
(319, 'Lempuyangan SMT-D023', 'Tawang', 'Lempuyangan', '2024-11-13 05:42:56', '2024-11-13 13:42:56', 165642),
(320, 'Tawang SG-D024', 'Serang', 'Tawang', '2024-08-12 07:33:47', '2024-08-12 11:33:47', 82885),
(321, 'Serang BD-D025', 'Bandung', 'Serang', '2024-11-20 02:45:57', '2024-11-20 05:45:57', 691878),
(322, 'Tawang SG-D026', 'Serang', 'Tawang', '2024-10-17 10:48:49', '2024-10-17 18:48:49', 651501),
(323, 'Bandung GMR-D027', 'Gambir', 'Bandung', '2024-09-05 05:57:08', '2024-09-05 11:57:08', 779210),
(324, 'Tawang SG-D028', 'Serang', 'Tawang', '2024-12-30 10:15:45', '2024-12-30 11:15:45', 499094),
(325, 'Gambir SMT-D029', 'Tawang', 'Gambir', '2024-10-09 04:35:09', '2024-10-09 09:35:09', 48314),
(326, 'Gambir BD-D030', 'Bandung', 'Gambir', '2024-09-15 09:13:00', '2024-09-15 10:13:00', 92363),
(327, 'Serang BD-D031', 'Bandung', 'Serang', '2024-12-14 19:07:53', '2024-12-14 22:07:53', 884852),
(328, 'Tawang BD-D032', 'Bandung', 'Tawang', '2024-08-05 04:38:27', '2024-08-05 10:38:27', 248186),
(329, 'Serang LPN-D033', 'Lempuyangan', 'Serang', '2024-10-18 17:08:30', '2024-10-19 00:08:30', 624591),
(330, 'Tawang SG-D034', 'Serang', 'Tawang', '2024-10-19 17:41:30', '2024-10-19 19:41:30', 107986),
(331, 'Bandung GMR-D035', 'Gambir', 'Bandung', '2024-08-31 22:15:08', '2024-09-01 06:15:08', 52659),
(332, 'Gambir BD-D036', 'Bandung', 'Gambir', '2024-09-21 06:48:32', '2024-09-21 12:48:32', 997485),
(333, 'Serang LPN-D037', 'Lempuyangan', 'Serang', '2024-11-26 03:25:25', '2024-11-26 06:25:25', 735900),
(334, 'Tawang GMR-D038', 'Gambir', 'Tawang', '2024-11-01 15:25:42', '2024-11-01 16:25:42', 961578),
(335, 'Lempuyangan BD-D039', 'Bandung', 'Lempuyangan', '2024-09-01 10:29:41', '2024-09-01 15:29:41', 850701),
(336, 'Serang LPN-D040', 'Lempuyangan', 'Serang', '2024-10-02 08:36:40', '2024-10-02 12:36:40', 739557),
(337, 'Serang GMR-D041', 'Gambir', 'Serang', '2024-10-13 19:42:53', '2024-10-14 03:42:53', 785802),
(338, 'Gambir SG-D042', 'Serang', 'Gambir', '2024-06-16 07:32:14', '2024-06-16 15:32:14', 52804),
(339, 'Lempuyangan SMT-D043', 'Tawang', 'Lempuyangan', '2024-09-30 14:53:21', '2024-09-30 22:53:21', 553312),
(340, 'Tawang SG-D044', 'Serang', 'Tawang', '2024-07-20 10:53:38', '2024-07-20 16:53:38', 272356),
(341, 'Serang BD-D045', 'Bandung', 'Serang', '2024-06-17 00:15:01', '2024-06-17 06:15:01', 97629),
(342, 'Lempuyangan SMT-D046', 'Tawang', 'Lempuyangan', '2024-09-22 01:35:39', '2024-09-22 09:35:39', 804778),
(343, 'Tawang GMR-D047', 'Gambir', 'Tawang', '2024-10-17 00:50:31', '2024-10-17 01:50:31', 740565),
(344, 'Bandung SG-D048', 'Serang', 'Bandung', '2024-12-05 06:05:36', '2024-12-05 08:05:36', 221015),
(345, 'Tawang LPN-D049', 'Lempuyangan', 'Tawang', '2024-12-23 22:02:17', '2024-12-24 03:02:17', 972595),
(346, 'Gambir SMT-D050', 'Tawang', 'Gambir', '2024-09-18 09:21:13', '2024-09-18 16:21:13', 660346),
(347, 'Tawang LPN-D051', 'Lempuyangan', 'Tawang', '2024-06-28 11:02:52', '2024-06-28 17:02:52', 45137),
(348, 'Serang LPN-D052', 'Lempuyangan', 'Serang', '2024-11-26 11:02:22', '2024-11-26 15:02:22', 633633),
(349, 'Serang SMT-D053', 'Tawang', 'Serang', '2024-10-17 08:03:23', '2024-10-17 09:03:23', 681394),
(350, 'Gambir BD-D054', 'Bandung', 'Gambir', '2024-11-28 07:07:04', '2024-11-28 08:07:04', 599754),
(351, 'Tawang GMR-D055', 'Gambir', 'Tawang', '2024-06-27 06:02:23', '2024-06-27 11:02:23', 488170),
(352, 'Serang GMR-D056', 'Gambir', 'Serang', '2024-11-15 05:18:13', '2024-11-15 10:18:13', 761633),
(353, 'Gambir SMT-D057', 'Tawang', 'Gambir', '2024-07-28 12:29:12', '2024-07-28 17:29:12', 96085),
(354, 'Gambir SMT-D058', 'Tawang', 'Gambir', '2024-12-07 07:58:56', '2024-12-07 10:58:56', 827032),
(355, 'Serang LPN-D059', 'Lempuyangan', 'Serang', '2024-07-17 04:28:43', '2024-07-17 06:28:43', 774638),
(356, 'Tawang BD-D060', 'Bandung', 'Tawang', '2024-09-12 12:06:49', '2024-09-12 18:06:49', 853900),
(357, 'Serang BD-D061', 'Bandung', 'Serang', '2024-12-04 06:23:05', '2024-12-04 07:23:05', 245692),
(358, 'Bandung SG-D062', 'Serang', 'Bandung', '2024-08-06 14:15:25', '2024-08-06 17:15:25', 859415),
(359, 'Lempuyangan GMR-D063', 'Gambir', 'Lempuyangan', '2024-08-11 15:35:31', '2024-08-11 16:35:31', 68696),
(360, 'Bandung SG-D064', 'Serang', 'Bandung', '2024-11-03 21:27:47', '2024-11-04 00:27:47', 467751),
(361, 'Serang BD-D065', 'Bandung', 'Serang', '2024-10-21 06:26:52', '2024-10-21 07:26:52', 328942),
(362, 'Lempuyangan BD-D066', 'Bandung', 'Lempuyangan', '2024-06-17 19:32:59', '2024-06-17 20:32:59', 580732),
(363, 'Lempuyangan BD-D067', 'Bandung', 'Lempuyangan', '2024-06-24 20:38:07', '2024-06-24 21:38:07', 986281),
(364, 'Lempuyangan BD-D068', 'Bandung', 'Lempuyangan', '2024-12-23 23:41:44', '2024-12-24 02:41:44', 550265),
(365, 'Serang LPN-D069', 'Lempuyangan', 'Serang', '2024-08-31 01:41:02', '2024-08-31 04:41:02', 742236),
(366, 'Serang GMR-D070', 'Gambir', 'Serang', '2024-06-22 13:50:51', '2024-06-22 20:50:51', 946038),
(367, 'Gambir SG-D071', 'Serang', 'Gambir', '2024-12-10 10:29:40', '2024-12-10 18:29:40', 555512),
(368, 'Serang BD-D072', 'Bandung', 'Serang', '2024-12-30 13:43:01', '2024-12-30 19:43:01', 183877),
(369, 'Serang SMT-D073', 'Tawang', 'Serang', '2024-12-15 20:41:55', '2024-12-15 21:41:55', 892980),
(370, 'Serang LPN-D074', 'Lempuyangan', 'Serang', '2024-09-20 08:33:58', '2024-09-20 15:33:58', 417589),
(371, 'Gambir BD-D075', 'Bandung', 'Gambir', '2024-12-31 10:56:04', '2024-12-31 17:56:04', 342520),
(372, 'Gambir BD-D076', 'Bandung', 'Gambir', '2024-11-09 10:09:42', '2024-11-09 17:09:42', 508806),
(373, 'Tawang BD-D077', 'Bandung', 'Tawang', '2024-08-15 06:37:24', '2024-08-15 11:37:24', 440377),
(374, 'Serang SMT-D078', 'Tawang', 'Serang', '2024-09-03 16:14:14', '2024-09-04 00:14:14', 694947),
(375, 'Tawang GMR-D079', 'Gambir', 'Tawang', '2024-08-08 17:48:53', '2024-08-08 22:48:53', 500435),
(376, 'Lempuyangan SG-D080', 'Serang', 'Lempuyangan', '2024-11-13 12:53:15', '2024-11-13 13:53:15', 965702),
(377, 'Bandung SMT-D081', 'Tawang', 'Bandung', '2024-10-07 08:03:27', '2024-10-07 13:03:27', 407481),
(378, 'Gambir LPN-D082', 'Lempuyangan', 'Gambir', '2024-10-16 12:10:45', '2024-10-16 19:10:45', 779645),
(379, 'Serang SMT-D083', 'Tawang', 'Serang', '2024-12-02 17:01:55', '2024-12-02 22:01:55', 98786),
(380, 'Serang SMT-D084', 'Tawang', 'Serang', '2024-11-28 11:54:50', '2024-11-28 14:54:50', 782258),
(381, 'Tawang BD-D085', 'Bandung', 'Tawang', '2024-12-31 09:16:43', '2024-12-31 10:16:43', 869171),
(382, 'Serang LPN-D086', 'Lempuyangan', 'Serang', '2024-09-10 22:18:13', '2024-09-11 05:18:13', 599627),
(383, 'Bandung SG-D087', 'Serang', 'Bandung', '2024-09-04 02:50:29', '2024-09-04 03:50:29', 402110),
(384, 'Tawang BD-D088', 'Bandung', 'Tawang', '2024-11-11 13:42:15', '2024-11-11 19:42:15', 938473),
(385, 'Tawang BD-D089', 'Bandung', 'Tawang', '2024-08-06 09:25:13', '2024-08-06 15:25:13', 394679),
(386, 'Tawang BD-D090', 'Bandung', 'Tawang', '2024-09-21 21:33:44', '2024-09-21 23:33:44', 225430),
(387, 'Bandung LPN-D091', 'Lempuyangan', 'Bandung', '2024-11-02 09:21:38', '2024-11-02 17:21:38', 247475),
(388, 'Lempuyangan SMT-D092', 'Tawang', 'Lempuyangan', '2024-11-16 12:07:28', '2024-11-16 19:07:28', 77147),
(389, 'Tawang BD-D093', 'Bandung', 'Tawang', '2024-12-05 09:08:01', '2024-12-05 14:08:01', 191959),
(390, 'Tawang BD-D094', 'Bandung', 'Tawang', '2024-10-16 14:39:56', '2024-10-16 20:39:56', 217221),
(391, 'Serang BD-D095', 'Bandung', 'Serang', '2024-12-13 15:38:32', '2024-12-13 22:38:32', 671247),
(392, 'Bandung LPN-D096', 'Lempuyangan', 'Bandung', '2024-10-12 20:15:36', '2024-10-13 00:15:36', 687744),
(393, 'Serang GMR-D097', 'Gambir', 'Serang', '2024-11-21 10:11:06', '2024-11-21 14:11:06', 807444),
(394, 'Bandung SG-D098', 'Serang', 'Bandung', '2024-08-09 12:32:01', '2024-08-09 14:32:01', 821748),
(395, 'Tawang GMR-D099', 'Gambir', 'Tawang', '2024-06-27 08:38:05', '2024-06-27 15:38:05', 56827),
(396, 'Lempuyangan SG-E001', 'Serang', 'Lempuyangan', '2024-06-15 01:11:18', '2024-06-15 08:11:18', 677870),
(397, 'Serang LPN-E002', 'Lempuyangan', 'Serang', '2024-11-19 10:46:39', '2024-11-19 12:46:39', 635059),
(398, 'Tawang SG-E003', 'Serang', 'Tawang', '2024-06-27 15:18:17', '2024-06-27 16:18:17', 191307),
(399, 'Lempuyangan GMR-E004', 'Gambir', 'Lempuyangan', '2024-09-26 03:36:52', '2024-09-26 04:36:52', 121060),
(400, 'Serang SMT-E005', 'Tawang', 'Serang', '2024-10-31 19:14:16', '2024-11-01 00:14:16', 753387),
(401, 'Lempuyangan SMT-E006', 'Tawang', 'Lempuyangan', '2024-12-03 02:11:13', '2024-12-03 09:11:13', 759844),
(402, 'Lempuyangan SMT-E007', 'Tawang', 'Lempuyangan', '2024-07-31 14:15:52', '2024-07-31 17:15:52', 85026),
(403, 'Bandung GMR-E008', 'Gambir', 'Bandung', '2024-06-24 16:06:16', '2024-06-24 21:06:16', 123486),
(404, 'Tawang SG-E009', 'Serang', 'Tawang', '2024-08-23 19:25:59', '2024-08-24 00:25:59', 627341),
(405, 'Serang BD-E010', 'Bandung', 'Serang', '2024-09-13 01:35:36', '2024-09-13 06:35:36', 211788),
(406, 'Gambir BD-E011', 'Bandung', 'Gambir', '2024-10-22 06:07:34', '2024-10-22 10:07:34', 248788),
(407, 'Gambir SG-E012', 'Serang', 'Gambir', '2024-09-11 09:49:48', '2024-09-11 13:49:48', 294624),
(408, 'Bandung SMT-E013', 'Tawang', 'Bandung', '2024-11-29 09:22:25', '2024-11-29 15:22:25', 897295),
(409, 'Tawang BD-E014', 'Bandung', 'Tawang', '2024-06-17 10:08:48', '2024-06-17 13:08:48', 513029),
(410, 'Tawang SG-E015', 'Serang', 'Tawang', '2024-11-22 12:48:39', '2024-11-22 16:48:39', 320083),
(411, 'Tawang GMR-E016', 'Gambir', 'Tawang', '2024-11-25 05:55:15', '2024-11-25 13:55:15', 172316),
(412, 'Lempuyangan BD-E017', 'Bandung', 'Lempuyangan', '2024-08-05 21:14:20', '2024-08-06 03:14:20', 104677),
(413, 'Lempuyangan SG-E018', 'Serang', 'Lempuyangan', '2024-08-29 00:04:58', '2024-08-29 07:04:58', 749583),
(414, 'Serang SMT-E019', 'Tawang', 'Serang', '2024-08-23 21:52:18', '2024-08-23 22:52:18', 160716),
(415, 'Bandung SG-E020', 'Serang', 'Bandung', '2024-08-02 19:28:26', '2024-08-03 01:28:26', 813627),
(416, 'Tawang SG-E021', 'Serang', 'Tawang', '2024-12-22 15:12:09', '2024-12-22 20:12:09', 350124),
(417, 'Bandung GMR-E022', 'Gambir', 'Bandung', '2024-11-14 18:33:40', '2024-11-15 00:33:40', 451324),
(418, 'Tawang GMR-E023', 'Gambir', 'Tawang', '2024-06-25 14:35:13', '2024-06-25 20:35:13', 588615),
(419, 'Bandung SMT-E024', 'Tawang', 'Bandung', '2024-08-15 10:55:33', '2024-08-15 15:55:33', 161658),
(420, 'Lempuyangan GMR-E025', 'Gambir', 'Lempuyangan', '2024-07-13 16:00:07', '2024-07-13 23:00:07', 174003),
(421, 'Serang BD-E026', 'Bandung', 'Serang', '2024-11-19 20:57:27', '2024-11-20 01:57:27', 575871),
(422, 'Lempuyangan BD-E027', 'Bandung', 'Lempuyangan', '2024-12-01 01:03:50', '2024-12-01 06:03:50', 252773),
(423, 'Serang BD-E028', 'Bandung', 'Serang', '2024-09-12 01:11:41', '2024-09-12 08:11:41', 426920),
(424, 'Lempuyangan BD-E029', 'Bandung', 'Lempuyangan', '2024-12-26 15:47:43', '2024-12-26 20:47:43', 341265),
(425, 'Lempuyangan BD-E030', 'Bandung', 'Lempuyangan', '2024-11-25 01:59:49', '2024-11-25 06:59:49', 271629),
(426, 'Gambir LPN-E031', 'Lempuyangan', 'Gambir', '2024-12-19 06:00:57', '2024-12-19 08:00:57', 731532),
(427, 'Bandung SMT-E032', 'Tawang', 'Bandung', '2024-11-22 07:30:46', '2024-11-22 09:30:46', 881408),
(428, 'Tawang LPN-E033', 'Lempuyangan', 'Tawang', '2024-11-16 18:35:27', '2024-11-17 02:35:27', 657243),
(429, 'Tawang BD-E034', 'Bandung', 'Tawang', '2024-09-23 04:32:54', '2024-09-23 12:32:54', 269108),
(430, 'Lempuyangan GMR-E035', 'Gambir', 'Lempuyangan', '2024-11-22 18:42:14', '2024-11-22 22:42:14', 277630),
(431, 'Serang GMR-E036', 'Gambir', 'Serang', '2024-08-25 00:05:06', '2024-08-25 03:05:06', 607704),
(432, 'Serang BD-E037', 'Bandung', 'Serang', '2024-07-24 09:44:42', '2024-07-24 10:44:42', 366481),
(433, 'Bandung GMR-E038', 'Gambir', 'Bandung', '2024-10-21 19:43:24', '2024-10-21 22:43:24', 881401),
(434, 'Serang GMR-E039', 'Gambir', 'Serang', '2024-12-18 06:21:32', '2024-12-18 13:21:32', 426665),
(435, 'Gambir LPN-E040', 'Lempuyangan', 'Gambir', '2024-06-23 06:07:24', '2024-06-23 08:07:24', 431386),
(436, 'Bandung GMR-E041', 'Gambir', 'Bandung', '2024-09-15 02:49:36', '2024-09-15 04:49:36', 46536),
(437, 'Lempuyangan SG-E042', 'Serang', 'Lempuyangan', '2024-07-13 23:32:18', '2024-07-14 02:32:18', 730813),
(438, 'Bandung SG-E043', 'Serang', 'Bandung', '2024-12-21 10:49:41', '2024-12-21 11:49:41', 657605),
(439, 'Serang BD-E044', 'Bandung', 'Serang', '2024-08-29 05:52:55', '2024-08-29 07:52:55', 790695),
(440, 'Lempuyangan SMT-E045', 'Tawang', 'Lempuyangan', '2024-08-11 17:34:08', '2024-08-11 19:34:08', 695541),
(441, 'Bandung SG-E046', 'Serang', 'Bandung', '2024-10-28 09:16:37', '2024-10-28 14:16:37', 810241),
(442, 'Tawang BD-E047', 'Bandung', 'Tawang', '2024-07-11 22:03:44', '2024-07-12 04:03:44', 351896),
(443, 'Lempuyangan GMR-E048', 'Gambir', 'Lempuyangan', '2024-08-18 17:27:21', '2024-08-18 19:27:21', 641973),
(444, 'Gambir SG-E049', 'Serang', 'Gambir', '2024-06-24 18:38:27', '2024-06-24 23:38:27', 453929),
(445, 'Bandung LPN-E050', 'Lempuyangan', 'Bandung', '2024-08-24 21:00:27', '2024-08-25 00:00:27', 648920),
(446, 'Bandung SMT-E051', 'Tawang', 'Bandung', '2024-07-22 11:16:13', '2024-07-22 14:16:13', 479608),
(447, 'Tawang GMR-E052', 'Gambir', 'Tawang', '2024-07-18 02:08:49', '2024-07-18 09:08:49', 997513),
(448, 'Tawang LPN-E053', 'Lempuyangan', 'Tawang', '2024-07-19 03:04:05', '2024-07-19 04:04:05', 981422),
(449, 'Serang BD-E054', 'Bandung', 'Serang', '2024-08-26 03:31:15', '2024-08-26 05:31:15', 421623),
(450, 'Tawang GMR-E055', 'Gambir', 'Tawang', '2024-09-16 14:57:00', '2024-09-16 15:57:00', 384977),
(451, 'Tawang GMR-E056', 'Gambir', 'Tawang', '2024-09-30 14:29:12', '2024-09-30 22:29:12', 313340),
(452, 'Serang BD-E057', 'Bandung', 'Serang', '2024-11-10 22:06:15', '2024-11-11 04:06:15', 874633),
(453, 'Lempuyangan GMR-E058', 'Gambir', 'Lempuyangan', '2024-11-03 13:58:57', '2024-11-03 21:58:57', 620186),
(454, 'Gambir SMT-E059', 'Tawang', 'Gambir', '2024-06-25 17:23:25', '2024-06-25 23:23:25', 904917),
(455, 'Lempuyangan BD-E060', 'Bandung', 'Lempuyangan', '2024-11-01 15:31:05', '2024-11-01 22:31:05', 641291),
(456, 'Serang GMR-E061', 'Gambir', 'Serang', '2024-10-09 16:53:31', '2024-10-09 19:53:31', 354555),
(457, 'Lempuyangan SMT-E062', 'Tawang', 'Lempuyangan', '2024-12-14 03:48:16', '2024-12-14 04:48:16', 958495),
(458, 'Gambir SMT-E063', 'Tawang', 'Gambir', '2024-11-26 05:50:45', '2024-11-26 09:50:45', 490851),
(459, 'Lempuyangan GMR-E064', 'Gambir', 'Lempuyangan', '2024-08-25 02:41:28', '2024-08-25 04:41:28', 404159),
(460, 'Lempuyangan SG-E065', 'Serang', 'Lempuyangan', '2024-08-18 14:52:43', '2024-08-18 15:52:43', 922444),
(461, 'Bandung SG-E066', 'Serang', 'Bandung', '2024-10-25 15:17:32', '2024-10-25 18:17:32', 136226),
(462, 'Bandung SG-E067', 'Serang', 'Bandung', '2024-12-28 04:14:08', '2024-12-28 05:14:08', 998321),
(463, 'Serang GMR-E068', 'Gambir', 'Serang', '2024-11-26 19:24:25', '2024-11-26 20:24:25', 669601),
(464, 'Gambir LPN-E069', 'Lempuyangan', 'Gambir', '2024-11-16 22:29:18', '2024-11-17 05:29:18', 235138),
(465, 'Gambir SG-E070', 'Serang', 'Gambir', '2024-10-29 08:24:19', '2024-10-29 16:24:19', 780797),
(466, 'Lempuyangan SG-E071', 'Serang', 'Lempuyangan', '2024-07-13 18:35:37', '2024-07-14 01:35:37', 754105),
(467, 'Serang SMT-E072', 'Tawang', 'Serang', '2024-10-01 15:22:41', '2024-10-01 16:22:41', 929825),
(468, 'Tawang GMR-E073', 'Gambir', 'Tawang', '2024-12-30 19:21:51', '2024-12-30 22:21:51', 100064),
(469, 'Lempuyangan GMR-E074', 'Gambir', 'Lempuyangan', '2024-11-12 17:35:39', '2024-11-12 19:35:39', 220288),
(470, 'Serang SMT-E075', 'Tawang', 'Serang', '2024-08-25 11:25:00', '2024-08-25 12:25:00', 885846),
(471, 'Bandung GMR-E076', 'Gambir', 'Bandung', '2024-08-10 15:40:00', '2024-08-10 20:40:00', 188460),
(472, 'Serang LPN-E077', 'Lempuyangan', 'Serang', '2024-11-30 04:36:19', '2024-11-30 12:36:19', 247386),
(473, 'Tawang LPN-E078', 'Lempuyangan', 'Tawang', '2024-12-26 23:20:42', '2024-12-27 05:20:42', 220888),
(474, 'Serang BD-E079', 'Bandung', 'Serang', '2024-08-20 08:40:36', '2024-08-20 16:40:36', 188679),
(475, 'Gambir SMT-E080', 'Tawang', 'Gambir', '2024-07-24 00:54:29', '2024-07-24 05:54:29', 51543),
(476, 'Serang BD-E081', 'Bandung', 'Serang', '2024-07-15 05:38:22', '2024-07-15 12:38:22', 944866),
(477, 'Serang SMT-E082', 'Tawang', 'Serang', '2024-09-14 03:18:59', '2024-09-14 10:18:59', 192236),
(478, 'Serang SMT-E083', 'Tawang', 'Serang', '2024-07-28 19:01:05', '2024-07-28 20:01:05', 837143),
(479, 'Bandung LPN-E084', 'Lempuyangan', 'Bandung', '2024-11-29 19:24:14', '2024-11-30 03:24:14', 824126),
(480, 'Bandung GMR-E085', 'Gambir', 'Bandung', '2024-06-23 12:08:45', '2024-06-23 13:08:45', 589330),
(481, 'Serang BD-E086', 'Bandung', 'Serang', '2024-09-10 01:53:41', '2024-09-10 06:53:41', 788555),
(482, 'Serang GMR-E087', 'Gambir', 'Serang', '2024-08-29 02:32:38', '2024-08-29 06:32:38', 714235),
(483, 'Gambir LPN-E088', 'Lempuyangan', 'Gambir', '2024-11-26 02:18:05', '2024-11-26 09:18:05', 262909),
(484, 'Tawang BD-E089', 'Bandung', 'Tawang', '2024-10-29 15:06:07', '2024-10-29 20:06:07', 272878),
(485, 'Bandung SG-E090', 'Serang', 'Bandung', '2024-10-20 12:27:44', '2024-10-20 19:27:44', 782690),
(486, 'Tawang LPN-E091', 'Lempuyangan', 'Tawang', '2024-11-12 00:43:04', '2024-11-12 08:43:04', 98286),
(487, 'Serang GMR-E092', 'Gambir', 'Serang', '2024-11-10 20:58:45', '2024-11-11 01:58:45', 209152),
(488, 'Lempuyangan SMT-E093', 'Tawang', 'Lempuyangan', '2024-08-16 21:05:31', '2024-08-17 04:05:31', 981275),
(489, 'Gambir SMT-E094', 'Tawang', 'Gambir', '2024-06-25 21:32:35', '2024-06-25 23:32:35', 912451),
(490, 'Gambir SG-E095', 'Serang', 'Gambir', '2024-12-24 08:10:10', '2024-12-24 10:10:10', 687723),
(491, 'Tawang BD-E096', 'Bandung', 'Tawang', '2024-09-03 06:19:12', '2024-09-03 11:19:12', 870059),
(492, 'Serang GMR-E097', 'Gambir', 'Serang', '2024-07-19 15:12:58', '2024-07-19 22:12:58', 96478),
(493, 'Bandung SG-E098', 'Serang', 'Bandung', '2024-10-26 20:43:38', '2024-10-27 03:43:38', 549845),
(494, 'Tawang GMR-E099', 'Gambir', 'Tawang', '2024-08-05 22:48:45', '2024-08-06 02:48:45', 325710);
INSERT INTO `train` (`train_id`, `name`, `starting_station`, `ending_station`, `departing_time`, `arriving_time`, `price`) VALUES
(495, 'Gambir BD-F001', 'Bandung', 'Gambir', '2024-09-30 12:05:14', '2024-09-30 17:05:14', 78867),
(496, 'Bandung SMT-F002', 'Tawang', 'Bandung', '2024-08-16 00:51:25', '2024-08-16 08:51:25', 729207),
(497, 'Lempuyangan SG-F003', 'Serang', 'Lempuyangan', '2024-12-12 07:35:05', '2024-12-12 14:35:05', 779535),
(498, 'Lempuyangan GMR-F004', 'Gambir', 'Lempuyangan', '2024-08-05 17:25:15', '2024-08-06 01:25:15', 966527),
(499, 'Gambir SG-F005', 'Serang', 'Gambir', '2024-12-08 06:59:49', '2024-12-08 13:59:49', 676739),
(500, 'Bandung SMT-F006', 'Tawang', 'Bandung', '2024-10-28 01:10:23', '2024-10-28 06:10:23', 974894);

-- --------------------------------------------------------

--
-- Table structure for table `user`
--

CREATE TABLE `user` (
  `user_id` int(11) NOT NULL,
  `username` varchar(255) NOT NULL,
  `password` varchar(255) NOT NULL,
  `salt` varbinary(255) NOT NULL,
  `role` enum('member','admin') NOT NULL DEFAULT 'member'
) ENGINE=InnoDB DEFAULT CHARSET=utf8mb4;

--
-- Dumping data for table `user`
--

INSERT INTO `user` (`user_id`, `username`, `password`, `salt`, `role`) VALUES
(1, 'root', 'R2axr2fv:Y8P8s9Yl1rvmnXQu2bwIAu4m+qXDg94UjTIBvPdIQcg=', 0x4766b1af67ef, 'member'),
(2, 'rizalandit', '7oreB1roMIB8PtE6ns5KW6kA8V+Y0vHTbm0kUnskut/A3y4=:nvWVRWZ6TcvBxWuvzPfd+vDdG8SS8X5Z7qsxB63mOvo=', 0xee8ade075ae830807c3ed13a9ece4a5ba900f15f98d2f1d36e6d24527b24badfc0df2e, 'member');

--
-- Indexes for dumped tables
--

--
-- Indexes for table `passenger`
--
ALTER TABLE `passenger`
  ADD PRIMARY KEY (`passenger_id`);

--
-- Indexes for table `station`
--
ALTER TABLE `station`
  ADD PRIMARY KEY (`station_id`),
  ADD UNIQUE KEY `name` (`name`);

--
-- Indexes for table `ticket`
--
ALTER TABLE `ticket`
  ADD KEY `station_id` (`station_id`),
  ADD KEY `user_id` (`user_id`),
  ADD KEY `passenger_id` (`passenger_id`),
  ADD KEY `ticket_ibfk_2` (`train_id`);

--
-- Indexes for table `train`
--
ALTER TABLE `train`
  ADD PRIMARY KEY (`train_id`),
  ADD KEY `starting_station` (`starting_station`),
  ADD KEY `ending_station` (`ending_station`);

--
-- Indexes for table `user`
--
ALTER TABLE `user`
  ADD PRIMARY KEY (`user_id`);

--
-- AUTO_INCREMENT for dumped tables
--

--
-- AUTO_INCREMENT for table `passenger`
--
ALTER TABLE `passenger`
  MODIFY `passenger_id` int(11) NOT NULL AUTO_INCREMENT, AUTO_INCREMENT=39;

--
-- AUTO_INCREMENT for table `station`
--
ALTER TABLE `station`
  MODIFY `station_id` int(11) NOT NULL AUTO_INCREMENT, AUTO_INCREMENT=6;

--
-- AUTO_INCREMENT for table `train`
--
ALTER TABLE `train`
  MODIFY `train_id` int(11) NOT NULL AUTO_INCREMENT, AUTO_INCREMENT=501;

--
-- AUTO_INCREMENT for table `user`
--
ALTER TABLE `user`
  MODIFY `user_id` int(11) NOT NULL AUTO_INCREMENT, AUTO_INCREMENT=3;

--
-- Constraints for dumped tables
--

--
-- Constraints for table `ticket`
--
ALTER TABLE `ticket`
  ADD CONSTRAINT `ticket_ibfk_1` FOREIGN KEY (`station_id`) REFERENCES `station` (`station_id`),
  ADD CONSTRAINT `ticket_ibfk_2` FOREIGN KEY (`train_id`) REFERENCES `train` (`train_id`) ON DELETE NO ACTION,
  ADD CONSTRAINT `ticket_ibfk_3` FOREIGN KEY (`user_id`) REFERENCES `user` (`user_id`),
  ADD CONSTRAINT `ticket_ibfk_4` FOREIGN KEY (`passenger_id`) REFERENCES `passenger` (`passenger_id`);

--
-- Constraints for table `train`
--
ALTER TABLE `train`
  ADD CONSTRAINT `train_ibfk_1` FOREIGN KEY (`starting_station`) REFERENCES `station` (`name`),
  ADD CONSTRAINT `train_ibfk_2` FOREIGN KEY (`ending_station`) REFERENCES `station` (`name`);
COMMIT;

/*!40101 SET CHARACTER_SET_CLIENT=@OLD_CHARACTER_SET_CLIENT */;
/*!40101 SET CHARACTER_SET_RESULTS=@OLD_CHARACTER_SET_RESULTS */;
/*!40101 SET COLLATION_CONNECTION=@OLD_COLLATION_CONNECTION */;
